{"cameraMode":{"drawMode":0,"name":"Shaded","section":"Shading Mode"},"sceneLighting":false,"audioPlay":false,"sceneViewState":{"showFog":true,"showMaterialUpdate":false,"showSkybox":true,"showFlares":true,"showImageEffects":true,"showParticleSystems":true},"in2DMode":false,"pivot":{"x":-6.776473522186279,"y":-0.25702881813049319,"z":1.7991424798965455},"rotation":{"x":-0.08421062678098679,"y":0.0020895979832857849,"z":-0.00017661815218161792,"w":-0.9964457750320435},"size":2.7386276721954347,"orthographic":false}