{"cameraMode":{"drawMode":0,"name":"Shaded","section":"Shading Mode"},"sceneLighting":false,"audioPlay":false,"sceneViewState":{"showFog":true,"showMaterialUpdate":false,"showSkybox":true,"showFlares":true,"showImageEffects":true,"showParticleSystems":true},"in2DMode":false,"pivot":{"x":1.1920928955078126e-7,"y":1.544077754020691,"z":0.15374135971069337},"rotation":{"x":-0.07933716475963593,"y":0.9029698967933655,"z":-0.18992318212985993,"w":-0.37720057368278506},"size":6.277011871337891,"orthographic":false}